clade,order,family,genus,cluster,NucleicAcid,species
Baculo,NA,Baculoviridae,NA,Baculo,dsDNA,Autographa californica multiple nucleopolyhedrovirus
Baculo,NA,Baculoviridae,NA,Baculo,dsDNA,Culex nigripalpus NPV Florida/1997
Herpes,NA,Herpesviridae,NA,Herpes,dsDNA,Human herpesvirus 2
Herpes,NA,Herpesviridae,NA,Herpes,dsDNA,Human herpesvirus 6A
Herpes,NA,Herpesviridae,NA,Herpes,dsDNA,Human herpesvirus 8
Herpes,NA,Herpesviridae,NA,Herpes,dsDNA,Saimiriine herpesvirus 2
Irido,NA,Iridoviridae,NA,Irido,dsDNA,Epizootic haematopoietic necrosis virus
Irido,NA,Iridoviridae,NA,Irido,dsDNA,Invertebrate iridescent virus 30
Irido,NA,Iridoviridae,NA,Irido,dsDNA,Invertebrate iridescent virus 9
Irido,NA,Iridoviridae,NA,Irido,dsDNA,Invertebrate iridovirus 22
Mimi,NA,Mimiviridae,NA,Mimi,dsDNA,Acanthamoeba polyphaga mimivirus
Mimi,NA,Mimiviridae,NA,Mimi,dsDNA,Cafeteria roenbergensis virus
Mimi,NA,Mimiviridae,NA,Mimi,dsDNA,Megavirus chiliensis
Mimi,NA,Mimiviridae,NA,Mimi,dsDNA,Moumouvirus
Myo,Caudovirales,Myoviridae,NA,Myo,dsDNA,Pectobacterium phage ZF40
Myo,Caudovirales,Myoviridae,NA,Myo,dsDNA,Salicola phage SCTP-2
Myo,Caudovirales,Myoviridae,NA,Myo,dsDNA,Vibrio phage 11895-B1
Nima,NA,Nimaviridae,NA,Nima,dsDNA,White spot syndrome virus
Nudi,NA,Nudiviridae,NA,Nudi,dsDNA,Drosophila innubila nudivirus
Nudi,NA,Nudiviridae,NA,Nudi,dsDNA,Kallithea virus
Nudi,NA,Nudiviridae,NA,Nudi,dsDNA,Oryctes rhinoceros nudivirus
Nudi,NA,Nudiviridae,NA,Nudi,dsDNA,Tomelloso virus
Papilloma,NA,Papillomaviridae,NA,Papilloma,dsDNA,Alphapapillomavirus 9
Papilloma,NA,Papillomaviridae,NA,Papilloma,dsDNA,Felis catus papillomavirus 3
Phycodna,NA,Phycodnaviridae,NA,Phycodna,dsDNA,Chrysochromulina ericina virus
Phycodna,NA,Phycodnaviridae,NA,Phycodna,dsDNA,Paramecium bursaria Chlorella virus 1
Phycodna,NA,Phycodnaviridae,NA,Phycodna,dsDNA,Paramecium bursaria Chlorella virus Can18-4
Podo,Caudovirales,Podoviridae,NA,Podo,dsDNA,Cronobacter phage Dev-CD-23823
Podo,Caudovirales,Podoviridae,NA,Podo,dsDNA,Vibrio phage phi-A318
Polydna,NA,Polydnaviridae,NA,Polydna,dsDNA,Glyptapanteles flavicoxis bracovirus
Pox,NA,Poxviridae,NA,Pox,dsDNA,Adoxophyes honmai entomopoxvirus 'L'
Pox,NA,Poxviridae,NA,Pox,dsDNA,Anomala cuprea entomopoxvirus
Pox,NA,Poxviridae,NA,Pox,dsDNA,Choristoneura biennis entomopoxvirus 'L'
Pox,NA,Poxviridae,NA,Pox,dsDNA,Fowlpox virus
Pox,NA,Poxviridae,NA,Pox,dsDNA,Lumpy skin disease virus
Pox,NA,Poxviridae,NA,Pox,dsDNA,Melanoplus sanguinipes entomopoxvirus
Pox,NA,Poxviridae,NA,Pox,dsDNA,Orf virus
Pox,NA,Poxviridae,NA,Pox,dsDNA,Yoka poxvirus
unclass_DNA,NA,NA,NA,unclass_DNA,dsDNA,Pseudomonas phage IME180
unclass_DNA,NA,NA,NA,unclass_DNA,dsDNA,Pseudomonas phage pf16
Caulimo,NA,Caulimoviridae,NA,Caulimo,dsDNA-RT,Banana streak virus
Caulimo,NA,Caulimoviridae,NA,Caulimo,dsDNA-RT,Cauliflower mosaic virus
Hepe-Virga,NA,Endornaviridae,NA,Endorna,dsRNA,Hot pepper endornavirus
Hepe-Virga,NA,Endornaviridae,NA,Endorna,dsRNA,Oryza sativa endornavirus
Hepe-Virga,NA,Endornaviridae,NA,Endorna,dsRNA,Phaseolus vulgaris endornavirus
Hepe-Virga,NA,Endornaviridae,NA,Endorna,dsRNA,Vicia faba endornavirus
Partiti-Picobirna,NA,Birnaviridae,Entomobirnavirus,Birna,dsRNA,Drosophila x virus
Partiti-Picobirna,NA,Birnaviridae,NA,Birna,dsRNA,Eridge virus
Partiti-Picobirna,NA,Birnaviridae,NA,Birna,dsRNA,Espirito Santo virus
Partiti-Picobirna,NA,Birnaviridae,NA,Birna,dsRNA,Mosquitoe x virus
Partiti-Picobirna,NA,Birnaviridae,NA,Birna,dsRNA,Culex Y virus
Partiti-Picobirna,NA,Birnaviridae,NA,Birna,dsRNA,Infectious pancreatic necrosis virus
Partiti-Picobirna,NA,NA,NA,Birna,dsRNA,Culicine-associated Z virus
Partiti-Picobirna,NA,Partitiviridae,NA,Partiti,dsRNA,Botryosphaeria dothidea partitivirus 1
Partiti-Picobirna,NA,Partitiviridae,NA,Partiti,dsRNA,Botrytis cinerea partitivirus 1
Partiti-Picobirna,NA,Partitiviridae,Betapartitivirus,Partiti,dsRNA,Heterobasidion partitivirus 2
Partiti-Picobirna,NA,Partitiviridae,NA,Partiti,dsRNA,Heterobasidion partitivirus 7
Partiti-Picobirna,NA,Partitiviridae,Betapartitivirus,Partiti,dsRNA,Lentinula edodes partitivirus 1
Partiti-Picobirna,NA,Partitiviridae,Betapartitivirus,Partiti,dsRNA,Pleurotus ostreatus virus 1
Partiti-Picobirna,NA,Partitiviridae,NA,Partiti,dsRNA,Ceratocystis polonica partitivirus
Partiti-Picobirna,NA,Partitiviridae,NA,Partiti,dsRNA,Drosophila-associated Partitiviridae-like 2
Partiti-Picobirna,NA,Partitiviridae,NA,Partiti,dsRNA,Grapevine partitivirus
Partiti-Picobirna,NA,Partitiviridae,NA,Partiti,dsRNA,Rosellinia necatrix virus 1
Partiti-Picobirna,NA,Partitiviridae,Betapartitivirus,Partiti,dsRNA,Vicia faba partitivirus 1
Partiti-Picobirna,NA,Partitiviridae,NA,Partiti,dsRNA,Drosophila-associated Partitiviridae-like 4
Partiti-Picobirna,NA,NA,NA,Partiti-Picobirna_unclass,dsRNA,Changjiang partiti-like virus 1
Reo,NA,Reoviridae,Fijivirus,Reo,dsRNA,Nilaparvata lugens reovirus
Reo,NA,Reoviridae,Phytoreovirus,Reo,dsRNA,Rice gall dwarf virus
Reo,NA,Reoviridae,NA,Reo,dsRNA,Acinopterus angulatus reovirus
Reo,NA,Reoviridae,Dinovernavirus,Reo,dsRNA,Aedes pseudoscutellaris reovirus
Reo,NA,Reoviridae,NA,Reo,dsRNA,Corriparta virus
Reo,NA,Reoviridae,Dinovernavirus,Reo,dsRNA,Fako virus
Reo,NA,Reoviridae,NA,Reo,dsRNA,Fiji disease virus
Reo,NA,Reoviridae,Idnoreovirus,Reo,dsRNA,Idnoreovirus 1
Reo,NA,Reoviridae,NA,Reo,dsRNA,Rice dwarf virus
Reo,NA,Reoviridae,NA,Reo,dsRNA,Southern rice black-streaked dwarf virus
Reo,NA,Reoviridae,NA,Reo,dsRNA,Stretch Lagoon orbivirus
Reo,NA,Reoviridae,NA,Reo,dsRNA,Umatilla virus
Toti-Chryso,NA,Chrysoviridae,NA,Chryso,dsRNA,Persea americana chrysovirus
Toti-Chryso,NA,Chrysoviridae,NA,Chryso,dsRNA,Drosophila-associated Chrysoviridae-like
Toti-Chryso,NA,NA,NA,Chryso,dsRNA,Hubei chryso-like virus 1
Toti-Chryso,NA,Totiviridae,Victorivirus,Toti,dsRNA,Sphaeropsis sapinea RNA virus 2
Toti-Chryso,NA,NA,NA,Toti-Chryso_unclass,dsRNA,dsRNA virus environmental sample
Toti-Chryso,NA,NA,NA,Toti-Chryso_unclass,dsRNA,Hubei toti-like virus 10
Toti-Chryso,NA,Totiviridae,NA,Totivi,dsRNA,Tianjin totivirus
Toti-Chryso,NA,Totiviridae,NA,Totivi,dsRNA,Zygosaccharomyces bailii virus Z
Toti-Chryso,NA,Totiviridae,NA,Totivi,dsRNA,Camponotus yamaokai virus
Anello,NA,Anelloviridae,NA,Anello,ssDNA,Anellovirus PRA1
Anello,NA,Anelloviridae,NA,Anello,ssDNA,Small anellovirus
Circo,NA,Circoviridae,NA,Circo,ssDNA,uncultured circovirus
Circo,NA,NA,NA,Circo,ssDNA,Mosquito circovirus
Gemini,NA,Geminiviridae,NA,Gemini,ssDNA,Honeysuckle yellow vein mosaic virus
Parvo,NA,Parvoviridae,NA,Parvo,ssDNA,Dipteran ambidensovirus 1
Bunya-Arena,NA,NA,NA,Bunya-Arena_unclass,ssRNA(-),Culex phasma-like virus
Bunya-Arena,NA,NA,NA,Bunya-Arena_unclass,ssRNA(-),Bunyaviridae environmental sample
Bunya-Arena,Bunyavirales,Peribunyaviridae,Orthobunyavirus,Peribunya,ssRNA(-),Koongol virus
Bunya-Arena,Bunyavirales,Peribunyaviridae,Orthobunyavirus,Peribunya,ssRNA(-),Oropouche virus
Bunya-Arena,Bunyavirales,Peribunyaviridae,NA,Peribunya,ssRNA(-),Shuangao Insect Virus 3
Bunya-Arena,Bunyavirales,Phasmaviridae,Feravirus,Phasma,ssRNA(-),Ferak virus
Bunya-Arena,Bunyavirales,Phasmaviridae,Orthophasmavirus,Phasma,ssRNA(-),Kigluaik phantom virus
Bunya-Arena,Bunyavirales,Phasmaviridae,Orthophasmavirus,Phasma,ssRNA(-),Wuhan Mosquito Virus 1
Bunya-Arena,Bunyavirales,Phenuiviridae,Phasivirus,Phenui,ssRNA(-),Phasi Charoen-like virus
Bunya-Arena,Bunyavirales,Phenuiviridae,Phasivirus,Phenui,ssRNA(-),Badu virus
Bunya-Arena,Bunyavirales,Phenuiviridae,Phasivirus,Phenui,ssRNA(-),Wutai Mosquito Virus
Bunya-Arena,Bunyavirales,Phenuiviridae,Goukovirus,Phenui,ssRNA(-),Candiru virus
Mono-Chu,NA,Chuviridae ,Mivirus,Chu ,ssRNA(-),Imjin River virus 1
Mono-Chu,NA,Chuviridae ,NA,Chu ,ssRNA(-),Wuhan Mosquito Virus 8
Mono-Chu,NA,Chuviridae,Chuvirus,Chu ,ssRNA(-),Wuhan Mosquito Virus 8
Mono-Chu,NA,NA,NA,Mono-Chu_unclass,ssRNA(-),Hubei rhabdo-like virus 1
Bunya-Arena,Bunyavirales,Peribunyaviridae,NA,Peribunya,ssRNA(-),Xinzhou Mosquito Virus
Mono-Chu,Mononegavirales,Rhabdoviridae,Ephemerovirus,Rhabdo,ssRNA(-),Bovine fever ephemerovirus
Mono-Chu,Mononegavirales,Rhabdoviridae,NA,Rhabdo,ssRNA(-),Culex tritaeniorhynchus rhabdovirus
Mono-Chu,Mononegavirales,Rhabdoviridae,Hapavirus,Rhabdo,ssRNA(-),Gray Lodge virus
Mono-Chu,Mononegavirales,Rhabdoviridae,NA,Rhabdo,ssRNA(-),Inhangapi virus
Mono-Chu,Mononegavirales,Rhabdoviridae,NA,Rhabdo,ssRNA(-),Lye Green virus
Mono-Chu,Mononegavirales,Rhabdoviridae,NA,Rhabdo,ssRNA(-),Merida virus
Mono-Chu,Mononegavirales,Rhabdoviridae,Sripuvirus,Rhabdo,ssRNA(-),Oak-Vale virus
Mono-Chu,Mononegavirales,Rhabdoviridae,NA,Rhabdo,ssRNA(-),Wuhan Mosquito Virus 9
Mono-Chu,Mononegavirales,Rhabdoviridae,NA,Rhabdo,ssRNA(-),Wuhan Ant Virus
Mono-Chu,Mononegavirales,Rhabdoviridae,NA,Rhabdo,ssRNA(-),Drosophila busckii rhabdovirus
Mono-Chu,Mononegavirales,Rhabdoviridae,NA,Rhabdo,ssRNA(-),Drosophila subobscura rhabdovirus
Mono-Chu,Mononegavirales,Rhabdoviridae,NA,Rhabdo,ssRNA(-),Puerto Almendras virus
Mono-Chu,Mononegavirales,Rhabdoviridae,NA,Rhabdo,ssRNA(-),Scophthalmus maximus rhabdovirus
Mono-Chu,Mononegavirales,Rhabdoviridae,Sripuvirus,Rhabdo,ssRNA(-),Almpiwar sripuvirus
Mono-Chu,Mononegavirales,Xinmoviridae,Anphevirus,Xinmo,ssRNA(-),Xincheng Mosquito Virus
Orthomyxo,NA,Orthomyxoviridae,Quaranjavirus,Orthomyxo,ssRNA(-),Wuhan Mosquito Virus 4
Orthomyxo,NA,Orthomyxoviridae,Quaranjavirus,Orthomyxo,ssRNA(-),Wuhan Mosquito Virus 6
Orthomyxo,NA,Orthomyxoviridae,NA,Orthomyxo,ssRNA(-),Quaranfil virus
Orthomyxo,NA,Orthomyxoviridae,NA,Orthomyxo,ssRNA(-),Wellfleet Bay virus
Paramyxo,NA,Paramyxoviridae,NA,Paramyxo,ssRNA(-),Newcastle disease virus
Luteo-Sobemo,NA,Barnaviridae,Barnavirus,Barna,ssRNA(+),Rhizoctonia solani barnavirus 1
Nido,NA,Coronaviridae,NA,Corona,ssRNA(+),Avian coronavirus
Nido,NA,Coronaviridae,NA,Corona,ssRNA(+),Porcine torovirus
Nido,NA,Coronaviridae,NA,Corona,ssRNA(+),White bream virus
Flavi,NA,Flaviviridae,NA,Flavi,ssRNA(+),Xishuangbanna aedes flavivirus
Flavi,NA,Flaviviridae,Pegivirus,Flavi,ssRNA(+),Bat pegivirus
Flavi,NA,Flaviviridae,NA,Flavi,ssRNA(+),Tick-borne encephalitis virus
Flavi,NA,Flaviviridae,NA,Flavi,ssRNA(+),Usutu virus
Hepe-Virga,Tymovirales,Alphaflexiviridae,Botrexvirus,Alphaflexi,ssRNA(+),Botrytis virus X
Hepe-Virga,Tymovirales,Betaflexiviridae,NA,Betaflexi,ssRNA(+),Carrot betaflexivirus 1
Hepe-Virga,NA,Bromoviridae,NA,Bromo,ssRNA(+),Ageratum latent virus
Hepe-Virga,NA,Bromoviridae,NA,Bromo,ssRNA(+),Amazon lily mild mottle virus
Hepe-Virga,NA,Bromoviridae,NA,Bromo,ssRNA(+),Cucumber mosaic virus
Hepe-Virga,NA,Bromoviridae,NA,Bromo,ssRNA(+),Melandrium yellow fleck virus
Hepe-Virga,NA,Bromoviridae,NA,Bromo,ssRNA(+),Parietaria mottle virus
Hepe-Virga,NA,Bromoviridae,NA,Bromo,ssRNA(+),Tomato necrotic streak virus
Hepe-Virga,NA,Bromoviridae,Ilarvirus,Bromo,ssRNA(+),Grapevine virus S
Hepe-Virga,NA,Bromoviridae,Ilarvirus,Bromo,ssRNA(+),Tobacco streak virus
Hepe-Virga,NA,Closteroviridae,NA,Clostero,ssRNA(+),Blackberry yellow vein-associated virus
Hepe-Virga,NA,Closteroviridae,NA,Clostero,ssRNA(+),Carrot yellow leaf virus
Hepe-Virga,NA,Closteroviridae,NA,Clostero,ssRNA(+),Tobacco virus 1
Hepe-Virga,NA,Closteroviridae,Crinivirus,Clostero,ssRNA(+),Tetterwort vein chlorosis virus
Hepe-Virga,Tymovirales,NA,NA,Flexi,ssRNA(+),Rhizoctonia solani flexivirus 1
Hepe-Virga,NA,NA,NA,Hepe-virga_unclass,ssRNA(+),Aedes camptorhynchus negev-like virus
Hepe-Virga,NA,NA,NA,Hepe-virga_unclass,ssRNA(+),Araticum virus
Hepe-Virga,NA,NA,NA,Hepe-virga_unclass,ssRNA(+),Hubei virga-like virus 2
Hepe-Virga,NA,NA,Negevirus,Negev,ssRNA(+),Negev virus
Hepe-Virga,NA,NA,Negevirus,Negev,ssRNA(+),Negev-like virus #174
Hepe-Virga,NA,NA,NA,Negev,ssRNA(+),Biggievirus Mos11
Hepe-Virga,NA,NA,Negevirus,Negev,ssRNA(+),Culex negev-like virus 1
Hepe-Virga,NA,NA,Negevirus,Negev,ssRNA(+),Daeseongdong virus 1
Hepe-Virga,NA,NA,Negevirus,Negev,ssRNA(+),Diaphorina citri associated C virus
Hepe-Virga,NA,NA,Negevirus,Negev,ssRNA(+),Goutanap virus
Hepe-Virga,NA,NA,Negevirus,Negev,ssRNA(+),Negevirus Nona 1
Hepe-Virga,NA,NA,Negevirus,Negev,ssRNA(+),Dezidougou virus
Hepe-Virga,NA,Togaviridae,NA,Toga,ssRNA(+),Venezuelan equine encephalitis virus
Hepe-Virga,Tymovirales,Tymoviridae,Maculavirus,Tymo,ssRNA(+),Culex originated Tymoviridae-like virus
Hepe-Virga,Tymovirales,Tymoviridae,Maculavirus,Tymo,ssRNA(+),Bombyx mori Macula-like virus
Hepe-Virga,Tymovirales,Tymoviridae,Maculavirus,Tymo,ssRNA(+),Fig fleck-associated virus
Hepe-Virga,Tymovirales,Tymoviridae,Marafivirus,Tymo,ssRNA(+),Grapevine asteroid mosaic-associated virus
Hepe-Virga,Tymovirales,Tymoviridae,Maculavirus,Tymo,ssRNA(+),Grapevine Red Globe virus
Hepe-Virga,Tymovirales,Tymoviridae,Marafivirus,Tymo,ssRNA(+),Grapevine rupestris vein feathering virus
Hepe-Virga,Tymovirales,Tymoviridae,Marafivirus,Tymo,ssRNA(+),Medicago sativa marafivirus 1
Hepe-Virga,Tymovirales,Tymoviridae,Marafivirus,Tymo,ssRNA(+),Nectarine marafivirus M
Hepe-Virga,Tymovirales,Tymoviridae,Marafivirus,Tymo,ssRNA(+),Olive latent virus 3
Hepe-Virga,Tymovirales,Tymoviridae,Marafivirus,Tymo,ssRNA(+),Peach virus D
Hepe-Virga,NA,Virgaviridae,Tobamovirus,Virga,ssRNA(+),Frangipani mosaic virus
Hepe-Virga,NA,Virgaviridae,Tobravirus,Virga,ssRNA(+),Tobacco rattle virus
Hepe-Virga,NA,Virgaviridae,NA,Virga,ssRNA(+),Beet soil-borne virus
Hepe-Virga,NA,Virgaviridae,NA,Virga,ssRNA(+),Cucumber fruit mottle mosaic virus
Hepe-Virga,NA,Virgaviridae,NA,Virga,ssRNA(+),Drakaea virus A
Hepe-Virga,NA,Virgaviridae,NA,Virga,ssRNA(+),Macrophomina phaseolina tobamo-like virus
Hepe-Virga,NA,Virgaviridae,NA,Virga,ssRNA(+),Peanut clump virus
Luteo-Sobemo,NA,Luteoviridae,NA,Luteo,ssRNA(+),Barley yellow dwarf virus-PAV
Luteo-Sobemo,NA,Luteoviridae,NA,Luteo,ssRNA(+),Bean leafroll virus
Luteo-Sobemo,NA,Luteoviridae,NA,Luteo,ssRNA(+),Bat luteovirus
Luteo-Sobemo,NA,NA,NA,Luteo-Sobemo_unclass,ssRNA(+),Ixodes scapularis associated virus 1
Luteo-Sobemo,NA,NA,NA,Luteo-Sobemo_unclass,ssRNA(+),Wenzhou sobemo-like virus 3
Luteo-Sobemo,NA,NA,NA,Luteo-Sobemo_unclass,ssRNA(+),Hubei mosquito virus 2
Luteo-Sobemo,NA,NA,NA,Luteo-Sobemo_unclass,ssRNA(+),Hubei sobemo-like virus 29
Luteo-Sobemo,NA,NA,NA,Luteo-Sobemo_unclass,ssRNA(+),Braid Burn virus
Luteo-Sobemo,NA,NA,NA,Luteo-Sobemo_unclass,ssRNA(+),La Tardoire virus
Luteo-Sobemo,NA,NA,NA,Luteo-Sobemo_unclass,ssRNA(+),Humaita-Tubiacanga virus
Luteo-Sobemo,NA,NA,NA,Luteo-Sobemo_unclass,ssRNA(+),Culex luteo-like virus
Luteo-Sobemo,NA,NA,NA,Luteo-Sobemo_unclass,ssRNA(+),Hubei sobemo-like virus 33
Luteo-Sobemo,NA,NA,NA,Luteo-Sobemo_unclass,ssRNA(+),Hubei sobemo-like virus 41
Luteo-Sobemo,NA,Sobemovirus_genus,NA,Sobemo,ssRNA(+),Sowbane mosaic virus
Luteo-Sobemo,NA,Solemoviridae,Sobemovirus,Solemo,ssRNA(+),Bat sobemovirus
Narna-Levi,NA,Narnaviridae,NA,Narna,ssRNA(+),Narnaviridae environmental sample
Narna-Levi,NA,Narnaviridae,NA,Narna,ssRNA(+),Phytophthora infestans RNA virus 4
Nido,Nidovirales,Mesoniviridae,Alphamesonivirus,Mesoni,ssRNA(+),Alphamesonivirus 1
Nido,Nidovirales,Mesoniviridae,NA,Mesoni,ssRNA(+),Bontang virus
Nido,Nidovirales,Mesoniviridae,Alphamesonivirus,Mesoni,ssRNA(+),Casuarina virus
Nido,Nidovirales,Mesoniviridae,Alphamesonivirus,Mesoni,ssRNA(+),Hana virus
Nido,Nidovirales,Mesoniviridae,NA,Mesoni,ssRNA(+),Kamphang Phet virus
Nido,Nidovirales,Mesoniviridae,Alphamesonivirus,Mesoni,ssRNA(+),Karang Sari virus
Nido,Nidovirales,Mesoniviridae,NA,Mesoni,ssRNA(+),Moumo virus
Partiti-Picobirna,NA,NA,NA,Partiti-Picobirna_unclass,ssRNA(+),Hubei tetragnatha maxillosa virus 8
Permutotetra,NA,Permutotetraviridae,NA,Permutotetra,ssRNA(+),Newfield virus
Permutotetra,NA,NA,NA,Permutotetra,ssRNA(+),Daeseongdong virus 2
Picorna-Calici,Picornavirales,Picornaviridae,NA,Picorna,ssRNA(+),Hepatovirus A
Picorna-Calici,Picornavirales,Dicistro,Aparavirus,Dicistro,ssRNA(+),Acute bee paralysis virus
Picorna-Calici,Picornavirales,Dicistro,Triatovirus,Dicistro,ssRNA(+),Homalodisca coagulata virus-1
Picorna-Calici,Picornavirales,Dicistro,NA,Dicistro,ssRNA(+),Bat dicistrovirus
Picorna-Calici,Picornavirales,Dicistro,NA,Dicistro,ssRNA(+),Big Sioux River virus
Picorna-Calici,Picornavirales,Dicistro,NA,Dicistro,ssRNA(+),Black queen cell virus
Picorna-Calici,Picornavirales,Dicistro,NA,Dicistro,ssRNA(+),Cricket paralysis virus
Picorna-Calici,Picornavirales,Dicistro,NA,Dicistro,ssRNA(+),Goose dicistrovirus
Picorna-Calici,Picornavirales,Dicistro,Cripavirus,Dicistro,ssRNA(+),Aphid lethal paralysis virus
Picorna-Calici,Picornavirales,Dicistro,Cripavirus,Dicistro,ssRNA(+),Cripavirus NB-1/2011/HUN
Picorna-Calici,Picornavirales,Dicistro,NA,Dicistro,ssRNA(+),Israeli acute paralysis virus
Picorna-Calici,Picornavirales,Dicistro,Cripavirus,Dicistro,ssRNA(+),Nilaparvata lugens C virus
Picorna-Calici,Picornavirales,Dicistro,Cripavirus,Dicistro,ssRNA(+),Rhopalosiphum padi virus
Picorna-Calici,Picornavirales,Iflaviridae,NA,Iflavi,ssRNA(+),Hubei picorna-like virus 34
Picorna-Calici,Picornavirales,Iflaviridae,NA,Iflavi,ssRNA(+),Hubei picorna-like virus 35
Picorna-Calici,Picornavirales,Iflaviridae,Iflavirus,Iflavi,ssRNA(+),Armigeres iflavirus
Picorna-Calici,Picornavirales,Iflaviridae,NA,Iflavi,ssRNA(+),Corseley virus
Picorna-Calici,Picornavirales,Iflaviridae,NA,Iflavi,ssRNA(+),Deformed wing virus
Picorna-Calici,Picornavirales,Iflaviridae,NA,Iflavi,ssRNA(+),La Jolla virus
Picorna-Calici,Picornavirales,Iflaviridae,NA,Iflavi,ssRNA(+),Nasonia vitripennis virus
Picorna-Calici,Picornavirales,Iflaviridae,NA,Iflavi,ssRNA(+),Nilaparvata lugens honeydew virus 1
Picorna-Calici,Picornavirales,Iflaviridae,NA,Iflavi,ssRNA(+),Tomato matilda virus
Picorna-Calici,Picornavirales,Iflaviridae,NA,Iflavi,ssRNA(+),Twyford virus
Picorna-Calici,Picornavirales,Iflaviridae,NA,Iflavi,ssRNA(+),Wuhan insect virus 13
Picorna-Calici,Picornavirales,Iflaviridae,Iflavirus,Iflavi,ssRNA(+),Dinocampus coccinellae paralysis virus
Picorna-Calici,Picornavirales,Iflaviridae,Iflavirus,Iflavi,ssRNA(+),Sacbrood virus
Picorna-Calici,Picornavirales,Picornaviridae,NA,Picorna,ssRNA(+),Picorna-like virus Eptesicus fuscus/P1/InV1/IT/USA/2009
Picorna-Calici,Picornavirales,Picornaviridae,NA,Picorna,ssRNA(+),Rhinolophus affinis picornavirus 1
Picorna-Calici,Picornavirales,Picornaviridae,NA,Picorna,ssRNA(+),Venturia canescens picorna-like virus
Picorna-Calici,Picornavirales,Picornaviridae,NA,Picorna,ssRNA(+),Pow Burn virus
Picorna-Calici,NA,NA,NA,Picorna-Calici_unclass,ssRNA(+),Bat feces associated picorna-like virus SC2797
Picorna-Calici,NA,NA,NA,Picorna-Calici_unclass,ssRNA(+),Fisavirus 1
Picorna-Calici,NA,Secoviridae,NA,Seco,ssRNA(+),Parsnip yellow fleck virus
Picorna-Calici,NA,Secoviridae,NA,Seco,ssRNA(+),Rice tungro spherical virus
Picorna-Calici,NA,Solinviridae,NA,Solinvi,ssRNA(+),Acyrthosiphon pisum virus
Picorna-Calici,NA,NA,NA,Solinvi,ssRNA(+),Hubei picorna-like virus 55
Poty,NA,Potyviridae,Potyvirus,Poty,ssRNA(+),Zucchini tigre mosaic virus
Tombus-noda,NA,Nodaviridae,NA,Noda,ssRNA(+),Mosquito nodavirus MNV-1
Tombus-noda,NA,Nodaviridae,Alphanodavirus,Noda,ssRNA(+),Pariacoto virus
Tombus-noda,NA,Tombusviridae,NA,Tombus,ssRNA(+),Cowpea mottle virus
Tombus-noda,NA,Tombusviridae,NA,Tombus,ssRNA(+),Cucumber leaf spot virus
Tombus-noda,NA,Tombusviridae,NA,Tombus,ssRNA(+),Elderberry latent virus
Tombus-noda,NA,Tombusviridae,NA,Tombus,ssRNA(+),Maize white line mosaic virus
Tombus-noda,NA,Tombusviridae,NA,Tombus,ssRNA(+),Red clover necrotic mosaic virus
Tombus-noda,NA,Tombusviridae,NA,Tombus,ssRNA(+),Sweet clover necrotic mosaic virus
Tombus-noda,NA,NA,NA,Tombus-Noda_unclass,ssRNA(+),Hubei mosquito virus 4
Tombus-noda,NA,NA,NA,Tombus-Noda_unclass,ssRNA(+),Shangao tombus-like virus 1
Tombus-noda,NA,NA,NA,Tombus-Noda_unclass,ssRNA(+),Wenzhou tombus-like virus 11
Tombus-noda,NA,NA,NA,Tombus-Noda_unclass,ssRNA(+),Hubei tombus-like virus 28
Tombus-noda,NA,NA,NA,Tombus-Noda_unclass,ssRNA(+),Wuhan insect virus 21
Tombus-noda,NA,NA,NA,Tombus-Noda_unclass,ssRNA(+),Wuhan insect virus 35
Tombus-noda,NA,NA,NA,Tombus-Noda_unclass,ssRNA(+),Tartou virus
Hepadna,NA,Hepadnaviridae,NA,Hepadna,ssRNA-RT,Hepatitis B virus
Retro,NA,Retroviridae,NA,Retro,ssRNA-RT,Citrus endogenous pararetrovirus
Retro,NA,Retroviridae,NA,Retro,ssRNA-RT,Human immunodeficiency virus 1
Luteo-Sobemo,NA,NA,NA,Luteo-Sobemo_unclass,ssRNA(+),Hubei sobemo-like virus 42
Tombus-noda,NA,NA,NA,Tombus-Noda_unclass,ssRNA(+),Hubei noda-like virus 11
Picorna-Calici,Picornavirales,NA,NA,Picorna_Calici_unclass,ssRNA(+),Calhevirus 2
Picorna-Calici,Picornavirales,NA,NA,Picorna_Calici_unclass,ssRNA(+),Calhevirus 1
Luteo-Sobemo,NA,NA,NA,Luteo-Sobemo_unclass,ssRNA(+),Hubei diptera virus 14
Tombus_Noda,NA,NA,NA,Tombus-Noda_unclass,ssRNA(+),Hubei tombus-like virus 8
Mono-Chu,NA,NA,NA,Mono-Chu_unclass,ssRNA(-),Beihai rhabdo-like virus 2
Picorna-Calici,NA,Picornaviridae,NA,Picorna_Calici_unclass,ssRNA(+),Washington bat picornavirus
Mono-Chu,NA,NA,NA,Mono-Chu_unclass,ssRNA(-),Beihai rhabdo-like virus 1
Luteo-Sobemo,NA,NA,NA,Luteo-Sobemo_unclass,ssRNA(+),Wenling sobemo-like virus 1
Hepe-Virga,Tymovirales,Tymoviridae,NA,Tymo,ssRNA(+),Bee Macula-like virus
Mono-Chu,NA,NA,NA,Mono-Chu_unclass,ssRNA(-),Hubei rhabdo-like virus 5
Picorna-Calici,NA,NA,NA,Picorna_Calici_unclass,ssRNA(+),Caledonia beadlet anemone Nora virus-like virus 1
Tombus-noda,NA,NA,NA,Tombus-Noda_unclass,ssRNA(+),Hubei orthoptera virus 4
Permutotetra,NA,Permutotetraviridae,NA,Permutotetra,ssRNA(+),Hubei permutotetra-like virus 4
Picorna-Calici,Picornavirales,NA,NA,Picorna_Calici_unclass,ssRNA(+),Arivirus 2
Picorna-Calici,NA,NA,NA,Picorna_Calici_unclass,ssRNA(+),Hubei picorna-like virus 66
Luteo-Sobemo,NA,NA,NA,Luteo-Sobemo_unclass,ssRNA(+),Wenzhou shrimp virus 9
Tombus_Noda,NA,NA,NA,Tombus-Noda_unclass,ssRNA(+),Changjiang tombus-like virus 8
Luteo-Sobemo,NA,NA,NA,Luteo-Sobemo_unclass,ssRNA(+),Hubei diptera virus 13
Picorna-Calici,NA,NA,NA,Picorna_Calici_unclass,ssRNA(+),Hubei picorna-like virus 75
Tombus_Noda,NA,NA,NA,Tombus-Noda_unclass,ssRNA(+),Hubei tombus-like virus 14
